{
    "Mean": [
        [
            103.84841002096854,
            105.44374428552686,
            102.04738930497133
        ],
        [
            -2.7868382222256454,
            -4.40973195812513,
            -1.569565784117915
        ],
        [
            1.21155854951549,
            1.5894881173547988,
            1.3336396143793807
        ],
        [
            -3.076770899489038,
            -3.735817020082265,
            -2.792268270019688
        ],
        [
            9.714556159638516,
            16.05023106865928,
            7.5016178913290075
        ],
        [
            -1.2005775307076938,
            -0.9009913741893315,
            -0.8374788847792681
        ],
        [
            -1.8040713583316903,
            -2.055870837666647,
            -1.7529448751107362
        ],
        [
            8.397700580859953,
            -15.572602583450957,
            -7.737238742406143
        ],
        [
            -28.784152315724953,
            8.933639708345384,
            -10.776758814055148
        ],
        [
            28.288554057982342,
            29.021573790249185,
            28.46641203420563
        ],
        [
            -19.34344304710599,
            1.2777863286987932,
            -27.582161641473483
        ],
        [
            -17.71648339613374,
            -103.79839711677764,
            -31.02256519480895
        ],
        [
            82.04683963642093,
            86.14582325985234,
            126.82602434065025
        ]
    ],
    "Std": [
        [
            1.4647632746783192,
            1.4148683475348551,
            1.5026380875718675
        ],
        [
            1.8633826611579671,
            1.8454355662962847,
            1.9276775651914613
        ],
        [
            0.7432028712150867,
            0.7203324338072972,
            0.7231848240032992
        ],
        [
            1.7447735161317588,
            1.722325404015099,
            1.6431682494523194
        ],
        [
            31.12939003761365,
            30.882256274312844,
            30.441900638325407
        ],
        [
            0.6146152392493983,
            0.6232066130036822,
            0.6101506862527475
        ],
        [
            0.878340857781057,
            0.8447308613444847,
            0.8931959389695482
        ],
        [
            15.643292417940977,
            15.942004536791355,
            16.201690181808715
        ],
        [
            23.61249867351616,
            23.831228324286766,
            24.0835678929292
        ],
        [
            62.40421444439404,
            59.382788880016705,
            61.382316223776236
        ],
        [
            23.78553271420258,
            23.019988229065646,
            23.25537262256298
        ],
        [
            163.23696206733712,
            154.4519208182397,
            161.82954914564414
        ],
        [
            85.98924912207804,
            83.81645922597707,
            85.14311584681101
        ]
    ]
}