{
    "Mean": [
        [
            103.8429554954166,
            105.4796657919634,
            101.9974197935234
        ],
        [
            -2.8218219571245964,
            -4.409706911070022,
            -1.516407489823288
        ],
        [
            1.2102516769973897,
            1.6232610955813604,
            1.3097258132070366
        ],
        [
            -3.0841759800152255,
            -3.707744001312987,
            -2.796075088643259
        ],
        [
            8.912288502167238,
            15.369743443072304,
            8.04336203971765
        ],
        [
            -1.2123989347076067,
            -0.8776296532141163,
            -0.8379097357858636
        ],
        [
            -1.8225215224987281,
            -2.036909725216321,
            -1.7664697194292052
        ],
        [
            8.615057120799518,
            -15.38057464185255,
            -7.506322733440889
        ],
        [
            -29.143819178651814,
            8.699329675328979,
            -11.120640000217666
        ],
        [
            26.827220097145947,
            27.704999229319057,
            30.55376413432109
        ],
        [
            -19.114711420478304,
            1.5377677607465403,
            -28.14793564008458
        ],
        [
            -13.253633839750103,
            -99.71514116764652,
            -36.41620043945929
        ],
        [
            81.75324884469897,
            85.79218522577354,
            128.95077213032692
        ]
    ],
    "Std": [
        [
            1.3061575111214359,
            1.3200706714115693,
            1.3972857881766814
        ],
        [
            1.4236852618059912,
            1.3945321592852766,
            1.3866407528595814
        ],
        [
            1.0395240348238557,
            1.0534161495870615,
            1.0996603960352953
        ],
        [
            1.233800419773184,
            1.1792340447252543,
            1.2016028551246567
        ],
        [
            6.391799576407276,
            6.614000722897871,
            6.358604921043464
        ],
        [
            1.136757670376779,
            1.1389975680903763,
            1.1654487619241596
        ],
        [
            1.2505789229896964,
            1.2693240863369575,
            1.2959073914951251
        ],
        [
            10.191122513631665,
            10.363266316683486,
            10.35722490606154
        ],
        [
            15.538274616321324,
            15.820038525875633,
            15.847103445642457
        ],
        [
            18.265838844433183,
            18.338877476619963,
            19.49597711011142
        ],
        [
            16.42514923553563,
            16.20750292211409,
            16.755766986065424
        ],
        [
            57.52263589486575,
            58.3475448474585,
            61.12453079333988
        ],
        [
            49.16592115685229,
            50.14482853006768,
            50.267185486936725
        ]
    ]
}