{
    "13C Cmethyl   |   13C Cgamma": {
        "Means": [
            110.59242383241138,
            111.58004488800002,
            112.54415404752095
        ],
        "Stds": [
            3.531337332045995,
            3.3566708747347107,
            3.6130812470907077
        ]
    },
    "13C Cmethyl   |   13C Calphabeta": {
        "Means": [
            105.1370465196148,
            103.04854605900502,
            102.20004134159561
        ],
        "Stds": [
            8.369451502232614,
            7.682417629910226,
            7.4931286683878175
        ]
    },
    "18O Ocarboxyl": {
        "Means": [
            -2.3717743377452756,
            -1.5415122595906525,
            -1.1164279203124368
        ],
        "Stds": [
            1.7371059283618682,
            1.7011289481744474,
            1.6537372676985178
        ]
    },
    "34S Ssulfur": {
        "Means": [
            0.018776963832480842,
            0.048087292392963166,
            0.03631044273360029
        ],
        "Stds": [
            0.37077538624406275,
            0.39111110857387976,
            0.40247061662165046
        ]
    }
}