{
    "13C Cmethyl   |   13C Cgamma": {
        "Means": [
            111.51142623681159,
            112.96121199975235,
            113.7005738399234
        ],
        "Stds": [
            5.822128944831644,
            5.240183485098133,
            5.8720238640891145
        ]
    },
    "13C Cmethyl   |   13C Calphabeta": {
        "Means": [
            105.10272024102667,
            103.16910287185219,
            101.97023801249408
        ],
        "Stds": [
            8.804366005476437,
            8.073598683905614,
            8.94337277948293
        ]
    },
    "18O Ocarboxyl": {
        "Means": [
            -1.44948820834281,
            -0.4325125691142942,
            -0.3638906562870692
        ],
        "Stds": [
            4.398883883216043,
            4.178684330476237,
            4.253314123407959
        ]
    },
    "34S Ssulfur": {
        "Means": [
            -0.20554446571813711,
            0.06738867464040327,
            -0.025340841967962956
        ],
        "Stds": [
            4.059633248053581,
            3.9151884322405186,
            3.869725444410303
        ]
    }
}