{
    "13C Ccarboxyl   |   34S Ssulfur": {
        "Means": [
            -0.20004107373986257,
            -2.7973876259716963,
            -3.336532011689915
        ],
        "Stds": [
            7.471645768281256,
            7.0043779989110915,
            7.472580354054182
        ]
    },
    "13C Calphabeta   |   34S Ssulfur": {
        "Means": [
            -0.7682386350640322,
            -2.6653028031681587,
            -4.1070547952434655
        ],
        "Stds": [
            1.943735839339813,
            1.963464964484099,
            1.955157688517399
        ]
    },
    "18O Ocarboxyl   |   33S Ssulfur": {
        "Means": [
            3.5819742322111257,
            -0.9611116331007389,
            -0.930902542259836
        ],
        "Stds": [
            2.4724924708599754,
            2.7953511082970075,
            2.7968231153195573
        ]
    },
    "34S Ssulfur   |   15N Namine": {
        "Means": [
            0.027527594906820996,
            0.023507925720462897,
            0.007432555585631384
        ],
        "Stds": [
            0.4095368795803221,
            0.3525792903607983,
            0.4045786458985794
        ]
    }
}