{
    "13C Ccarboxyl   |   34S Ssulfur": {
        "Means": [
            0.7987221334979256,
            -0.501112528163241,
            -1.670413335854615
        ],
        "Stds": [
            7.748080953260711,
            7.561897510288773,
            7.422823546857814
        ]
    },
    "13C Calphabeta   |   34S Ssulfur": {
        "Means": [
            -0.3577334602790931,
            -2.577187201423278,
            -3.5576757443600906
        ],
        "Stds": [
            2.852045679105096,
            2.750916940429268,
            2.857800559160391
        ]
    },
    "18O Ocarboxyl   |   33S Ssulfur": {
        "Means": [
            3.614987202325391,
            -0.8105964305758757,
            -0.6332664043346327
        ],
        "Stds": [
            3.701956142675551,
            3.3140158183148922,
            3.697778262751822
        ]
    },
    "34S Ssulfur   |   15N Namine": {
        "Means": [
            0.021896755666731743,
            -0.05162462463276383,
            -0.05406640304629395
        ],
        "Stds": [
            1.9971019166723147,
            2.016677700777619,
            1.9860833678160048
        ]
    }
}