{
    "13C Cmethyl   |   13C Cgamma   |   34S Ssulfur": {
        "Means": [
            115.39402543700785,
            112.69148566375176,
            113.17418404364128
        ],
        "Stds": [
            5.136730351152538,
            5.329394384820175,
            5.402972299707951
        ]
    },
    "18O Ocarboxyl   |   18O Ocarboxyl": {
        "Means": [
            -5.101223596223642,
            -0.9234768646493373,
            -0.6250901055737196
        ],
        "Stds": [
            4.584915164610148,
            4.5458454406152145,
            4.75758078934574
        ]
    },
    "18O Ocarboxyl   |   34S Ssulfur": {
        "Means": [
            0.3823213442067076,
            1.0908544790668389,
            0.6403876546388646
        ],
        "Stds": [
            4.1108692127420765,
            4.118827588240107,
            4.21650549294236
        ]
    },
    "36S Ssulfur": {
        "Means": [
            -0.052427969879749646,
            0.09726274974446839,
            -0.08490425392008853
        ],
        "Stds": [
            4.103171886135472,
            4.091020621326722,
            4.183923377778481
        ]
    }
}