{
    "13C Cmethyl   |   13C Cgamma   |   34S Ssulfur": {
        "Means": [
            115.45912510778231,
            112.61765558834833,
            113.06192123047862
        ],
        "Stds": [
            2.8137433727832266,
            2.3974319326433386,
            2.7219453370154914
        ]
    },
    "18O Ocarboxyl   |   18O Ocarboxyl": {
        "Means": [
            -4.870767356678552,
            -1.0136584784388405,
            -0.8033689043047345
        ],
        "Stds": [
            2.2844229767948843,
            2.2244533030740214,
            2.1104121920471326
        ]
    },
    "18O Ocarboxyl   |   34S Ssulfur": {
        "Means": [
            0.4296917019253899,
            1.0152220087864052,
            0.7644164098565672
        ],
        "Stds": [
            0.9290916764863351,
            0.8871842699536319,
            0.9226216008751567
        ]
    },
    "36S Ssulfur": {
        "Means": [
            0.06090462548079656,
            -0.03218465181814012,
            0.010592470003008003
        ],
        "Stds": [
            0.8202990390458035,
            0.8369813949115099,
            0.8697091729614252
        ]
    }
}